[{"model": "auth.group", "pk": 1, "fields": {"name": "tester", "permissions": [29, 30, 31, 32, 33, 34, 35, 36, 25, 41, 26, 42, 27, 43, 28, 44, 37, 38, 39, 40]}}, {"model": "auth.group", "pk": 2, "fields": {"name": "testee", "permissions": []}}, {"model": "auth.user", "pk": 1, "fields": {"password": "pbkdf2_sha256$150000$2nncYbQM6Yhi$qdA8C1j59LoUEy1HAe4Nf5ZODRVlwXrgtOWt90C1SLA=", "last_login": "2019-12-01T13:53:25.573Z", "is_superuser": true, "username": "postgres", "first_name": "", "last_name": "", "email": "kajetan123@gmail.com", "is_staff": true, "is_active": true, "date_joined": "2019-06-20T11:01:53Z", "groups": [1], "user_permissions": []}}, {"model": "auth.user", "pk": 6, "fields": {"password": "pbkdf2_sha256$150000$goF9xbwByE6I$tA8pDeotSbYdNtkUh8+TrhTPpuY38eR/q3V72nfM2Co=", "last_login": "2019-12-01T13:52:53.081Z", "is_superuser": false, "username": "tester123", "first_name": "", "last_name": "", "email": "", "is_staff": true, "is_active": true, "date_joined": "2019-12-01T13:52:30Z", "groups": [1], "user_permissions": []}}, {"model": "sessions.session", "pk": "0mocdxecfu5txr2fzs22t5lfqo6oe6u9", "fields": {"session_data": "NzdjMDE2NzcwZTJkNGM5MDE4OWM5YmUwMmU4MDExNDdlODU2YjU0Yzp7fQ==", "expire_date": "2019-07-05T09:26:00.332Z"}}, {"model": "sessions.session", "pk": "247nupk8ahntbe9x2nwd8v3dzhtqvgcc", "fields": {"session_data": "NWU2ODU5YjliNTkwMjM3Y2IwMzI0YTY0OTBlNmQ5NzcyMWQzMmZjNzp7Il9hdXRoX3VzZXJfaWQiOiIxIiwiX2F1dGhfdXNlcl9iYWNrZW5kIjoiZGphbmdvLmNvbnRyaWIuYXV0aC5iYWNrZW5kcy5Nb2RlbEJhY2tlbmQiLCJfYXV0aF91c2VyX2hhc2giOiIyM2UxMGY4MmZmMGZlZThkOGY1OTJhMTY5MjQ2NDdiNGEwMTFmN2U0In0=", "expire_date": "2019-11-11T10:01:06.354Z"}}, {"model": "sessions.session", "pk": "9ju82pl73ebcjfexz6hfhhxqe5owp5yd", "fields": {"session_data": "NWU2ODU5YjliNTkwMjM3Y2IwMzI0YTY0OTBlNmQ5NzcyMWQzMmZjNzp7Il9hdXRoX3VzZXJfaWQiOiIxIiwiX2F1dGhfdXNlcl9iYWNrZW5kIjoiZGphbmdvLmNvbnRyaWIuYXV0aC5iYWNrZW5kcy5Nb2RlbEJhY2tlbmQiLCJfYXV0aF91c2VyX2hhc2giOiIyM2UxMGY4MmZmMGZlZThkOGY1OTJhMTY5MjQ2NDdiNGEwMTFmN2U0In0=", "expire_date": "2019-12-15T13:53:25.573Z"}}, {"model": "sessions.session", "pk": "bi3prady3gqxqqu1pibvkbbcbprh23k1", "fields": {"session_data": "NzdjMDE2NzcwZTJkNGM5MDE4OWM5YmUwMmU4MDExNDdlODU2YjU0Yzp7fQ==", "expire_date": "2019-07-05T09:24:22.147Z"}}, {"model": "sessions.session", "pk": "fdlmjbbbsosjc8yqt1ka6s9ork84ealf", "fields": {"session_data": "NWU2ODU5YjliNTkwMjM3Y2IwMzI0YTY0OTBlNmQ5NzcyMWQzMmZjNzp7Il9hdXRoX3VzZXJfaWQiOiIxIiwiX2F1dGhfdXNlcl9iYWNrZW5kIjoiZGphbmdvLmNvbnRyaWIuYXV0aC5iYWNrZW5kcy5Nb2RlbEJhY2tlbmQiLCJfYXV0aF91c2VyX2hhc2giOiIyM2UxMGY4MmZmMGZlZThkOGY1OTJhMTY5MjQ2NDdiNGEwMTFmN2U0In0=", "expire_date": "2019-08-25T19:14:08.866Z"}}, {"model": "sessions.session", "pk": "gf0nv0pbn7wxp5ycmekjt9lfz3fh2d8j", "fields": {"session_data": "NzdjMDE2NzcwZTJkNGM5MDE4OWM5YmUwMmU4MDExNDdlODU2YjU0Yzp7fQ==", "expire_date": "2019-07-05T09:23:31.597Z"}}, {"model": "sessions.session", "pk": "izv880un9qocy1lvgsqdjwh2cf7l70m5", "fields": {"session_data": "NWU2ODU5YjliNTkwMjM3Y2IwMzI0YTY0OTBlNmQ5NzcyMWQzMmZjNzp7Il9hdXRoX3VzZXJfaWQiOiIxIiwiX2F1dGhfdXNlcl9iYWNrZW5kIjoiZGphbmdvLmNvbnRyaWIuYXV0aC5iYWNrZW5kcy5Nb2RlbEJhY2tlbmQiLCJfYXV0aF91c2VyX2hhc2giOiIyM2UxMGY4MmZmMGZlZThkOGY1OTJhMTY5MjQ2NDdiNGEwMTFmN2U0In0=", "expire_date": "2019-12-07T14:27:15.593Z"}}, {"model": "sessions.session", "pk": "o1k01kxocuxja235mixpwtlc09adaw0g", "fields": {"session_data": "NWU2ODU5YjliNTkwMjM3Y2IwMzI0YTY0OTBlNmQ5NzcyMWQzMmZjNzp7Il9hdXRoX3VzZXJfaWQiOiIxIiwiX2F1dGhfdXNlcl9iYWNrZW5kIjoiZGphbmdvLmNvbnRyaWIuYXV0aC5iYWNrZW5kcy5Nb2RlbEJhY2tlbmQiLCJfYXV0aF91c2VyX2hhc2giOiIyM2UxMGY4MmZmMGZlZThkOGY1OTJhMTY5MjQ2NDdiNGEwMTFmN2U0In0=", "expire_date": "2019-12-07T14:21:54.728Z"}}, {"model": "language_evaluator.language", "pk": 1, "fields": {"name": "English", "short_name": "ENG"}}, {"model": "language_evaluator.language", "pk": 2, "fields": {"name": "German", "short_name": "DE"}}, {"model": "language_evaluator.language", "pk": 3, "fields": {"name": "Japanese", "short_name": "JP"}}, {"model": "language_evaluator.question", "pk": 1, "fields": {"language": 1, "question_text": "Where do you live?", "competence_level": 0, "answer_type": 0, "audio_file": "", "image_file": ""}}, {"model": "language_evaluator.question", "pk": 2, "fields": {"language": 1, "question_text": "Are you German?", "competence_level": 0, "answer_type": 0, "audio_file": "", "image_file": ""}}, {"model": "language_evaluator.question", "pk": 3, "fields": {"language": 1, "question_text": "Do you like music?", "competence_level": 0, "answer_type": 0, "audio_file": "", "image_file": ""}}, {"model": "language_evaluator.question", "pk": 4, "fields": {"language": 1, "question_text": "Spot the different one", "competence_level": 0, "answer_type": 0, "audio_file": "", "image_file": ""}}, {"model": "language_evaluator.question", "pk": 5, "fields": {"language": 1, "question_text": "Peter and Sidney are ...... Australia.", "competence_level": 0, "answer_type": 0, "audio_file": "", "image_file": ""}}, {"model": "language_evaluator.question", "pk": 6, "fields": {"language": 1, "question_text": "Spot the different one", "competence_level": 0, "answer_type": 0, "audio_file": "", "image_file": ""}}, {"model": "language_evaluator.question", "pk": 7, "fields": {"language": 1, "question_text": "Spot the different one", "competence_level": 0, "answer_type": 0, "audio_file": "", "image_file": ""}}, {"model": "language_evaluator.question", "pk": 8, "fields": {"language": 1, "question_text": "You can exchange the gift ...... it is returned within seven days.", "competence_level": 5, "answer_type": 0, "audio_file": "", "image_file": ""}}, {"model": "language_evaluator.question", "pk": 9, "fields": {"language": 1, "question_text": "Have you ever ...... to Mallorca?", "competence_level": 1, "answer_type": 0, "audio_file": "", "image_file": ""}}, {"model": "language_evaluator.question", "pk": 10, "fields": {"language": 1, "question_text": "I wouldn't do that ......", "competence_level": 1, "answer_type": 0, "audio_file": "", "image_file": ""}}, {"model": "language_evaluator.question", "pk": 11, "fields": {"language": 1, "question_text": "Synonim to intelligent", "competence_level": 1, "answer_type": 0, "audio_file": "", "image_file": ""}}, {"model": "language_evaluator.question", "pk": 12, "fields": {"language": 1, "question_text": "Robert's from New York, .....", "competence_level": 1, "answer_type": 0, "audio_file": "", "image_file": ""}}, {"model": "language_evaluator.question", "pk": 13, "fields": {"language": 1, "question_text": "They are ...... to Brazil tomorrow.", "competence_level": 1, "answer_type": 0, "audio_file": "", "image_file": ""}}, {"model": "language_evaluator.question", "pk": 14, "fields": {"language": 1, "question_text": "I have been living in Madrid ......", "competence_level": 2, "answer_type": 0, "audio_file": "", "image_file": ""}}, {"model": "language_evaluator.question", "pk": 15, "fields": {"language": 1, "question_text": "This is the ...... thing I have ever done.", "competence_level": 2, "answer_type": 0, "audio_file": "", "image_file": ""}}, {"model": "language_evaluator.question", "pk": 16, "fields": {"language": 1, "question_text": "Have you finished with the newspaper ......", "competence_level": 2, "answer_type": 0, "audio_file": "", "image_file": ""}}, {"model": "language_evaluator.question", "pk": 17, "fields": {"language": 1, "question_text": "If I want to pass my exam, I ...... study harder.", "competence_level": 2, "answer_type": 0, "audio_file": "", "image_file": ""}}, {"model": "language_evaluator.question", "pk": 18, "fields": {"language": 1, "question_text": "Michael is ...... his sister.", "competence_level": 2, "answer_type": 0, "audio_file": "", "image_file": ""}}, {"model": "language_evaluator.question", "pk": 19, "fields": {"language": 1, "question_text": "...... book is this?", "competence_level": 2, "answer_type": 0, "audio_file": "", "image_file": ""}}, {"model": "language_evaluator.question", "pk": 20, "fields": {"language": 1, "question_text": "...... to the theatre for ages.", "competence_level": 3, "answer_type": 0, "audio_file": "", "image_file": ""}}, {"model": "language_evaluator.question", "pk": 21, "fields": {"language": 1, "question_text": "A motorbike ...... a car.", "competence_level": 3, "answer_type": 0, "audio_file": "", "image_file": ""}}, {"model": "language_evaluator.question", "pk": 22, "fields": {"language": 1, "question_text": "I told him ......", "competence_level": 3, "answer_type": 0, "audio_file": "", "image_file": ""}}, {"model": "language_evaluator.question", "pk": 23, "fields": {"language": 1, "question_text": "I wish ......", "competence_level": 3, "answer_type": 0, "audio_file": "", "image_file": ""}}, {"model": "language_evaluator.question", "pk": 24, "fields": {"language": 1, "question_text": "Don't start ...... again. You are giving me a headache!", "competence_level": 3, "answer_type": 0, "audio_file": "", "image_file": ""}}, {"model": "language_evaluator.question", "pk": 25, "fields": {"language": 1, "question_text": "Which word doesn't fit?", "competence_level": 3, "answer_type": 0, "audio_file": "", "image_file": ""}}, {"model": "language_evaluator.question", "pk": 26, "fields": {"language": 1, "question_text": "Which word doesn't fit?", "competence_level": 3, "answer_type": 0, "audio_file": "", "image_file": ""}}, {"model": "language_evaluator.question", "pk": 27, "fields": {"language": 1, "question_text": "Which word doesn't fit?", "competence_level": 3, "answer_type": 0, "audio_file": "", "image_file": ""}}, {"model": "language_evaluator.question", "pk": 28, "fields": {"language": 1, "question_text": "If ...... you were coming, I would have baked a cake!", "competence_level": 4, "answer_type": 0, "audio_file": "", "image_file": ""}}, {"model": "language_evaluator.question", "pk": 29, "fields": {"language": 1, "question_text": "The flight to London was ...... expensive than I thought.", "competence_level": 4, "answer_type": 0, "audio_file": "", "image_file": ""}}, {"model": "language_evaluator.question", "pk": 30, "fields": {"language": 1, "question_text": "I ...... Indian food.", "competence_level": 4, "answer_type": 0, "audio_file": "", "image_file": ""}}, {"model": "language_evaluator.question", "pk": 31, "fields": {"language": 1, "question_text": "I had never seen it before, and ...... I knew exactly what to do.", "competence_level": 4, "answer_type": 0, "audio_file": "", "image_file": ""}}, {"model": "language_evaluator.question", "pk": 32, "fields": {"language": 1, "question_text": "If we had told the truth, we could have ......", "competence_level": 4, "answer_type": 0, "audio_file": "", "image_file": ""}}, {"model": "language_evaluator.question", "pk": 33, "fields": {"language": 1, "question_text": "I am always on the look ...... for bargains!", "competence_level": 4, "answer_type": 0, "audio_file": "", "image_file": ""}}, {"model": "language_evaluator.question", "pk": 34, "fields": {"language": 1, "question_text": "We had a 20 minute delay at the airport before take ......", "competence_level": 4, "answer_type": 0, "audio_file": "", "image_file": ""}}, {"model": "language_evaluator.question", "pk": 35, "fields": {"language": 1, "question_text": "I didn't understand at first, but then ...... and the answer was clear.", "competence_level": 5, "answer_type": 0, "audio_file": "", "image_file": ""}}, {"model": "language_evaluator.question", "pk": 36, "fields": {"language": 1, "question_text": "He refused ...... responsibility for the accident.", "competence_level": 5, "answer_type": 0, "audio_file": "", "image_file": ""}}, {"model": "language_evaluator.question", "pk": 37, "fields": {"language": 1, "question_text": "She talks to me, ...... friends.", "competence_level": 5, "answer_type": 0, "audio_file": "", "image_file": ""}}, {"model": "language_evaluator.question", "pk": 38, "fields": {"language": 1, "question_text": "A ...... is a person who is very rich and powerful, especially in industry.", "competence_level": 5, "answer_type": 0, "audio_file": "", "image_file": ""}}, {"model": "language_evaluator.question", "pk": 39, "fields": {"language": 1, "question_text": "Listen to recording and check True or False", "competence_level": 3, "answer_type": 2, "audio_file": "audio/pet_4b.mp3", "image_file": ""}}, {"model": "language_evaluator.question", "pk": 40, "fields": {"language": 1, "question_text": "Which of these are fruits?", "competence_level": 0, "answer_type": 1, "audio_file": "", "image_file": ""}}, {"model": "language_evaluator.question", "pk": 41, "fields": {"language": 1, "question_text": "What's your name?", "competence_level": 0, "answer_type": 4, "audio_file": "", "image_file": ""}}, {"model": "language_evaluator.question", "pk": 42, "fields": {"language": 1, "question_text": "Where are you from?", "competence_level": 0, "answer_type": 3, "audio_file": "", "image_file": ""}}, {"model": "language_evaluator.question", "pk": 43, "fields": {"language": 1, "question_text": "Which of these are true about the Cafe Scene?", "competence_level": 1, "answer_type": 2, "audio_file": "", "image_file": "images/cafe_scene.PNG"}}, {"model": "language_evaluator.answer", "pk": 1, "fields": {"question": 1, "answer_text": "I am live in London.", "is_correct": false}}, {"model": "language_evaluator.answer", "pk": 2, "fields": {"question": 1, "answer_text": "My live is London.", "is_correct": false}}, {"model": "language_evaluator.answer", "pk": 3, "fields": {"question": 1, "answer_text": "I live in London.", "is_correct": true}}, {"model": "language_evaluator.answer", "pk": 4, "fields": {"question": 1, "answer_text": "I lives in London.", "is_correct": false}}, {"model": "language_evaluator.answer", "pk": 5, "fields": {"question": 2, "answer_text": "No. My are American.", "is_correct": false}}, {"model": "language_evaluator.answer", "pk": 6, "fields": {"question": 2, "answer_text": "No. My is American.", "is_correct": false}}, {"model": "language_evaluator.answer", "pk": 7, "fields": {"question": 2, "answer_text": "No. I is American.", "is_correct": false}}, {"model": "language_evaluator.answer", "pk": 8, "fields": {"question": 2, "answer_text": "No. I am American.", "is_correct": true}}, {"model": "language_evaluator.answer", "pk": 9, "fields": {"question": 3, "answer_text": "Yes, I does.", "is_correct": false}}, {"model": "language_evaluator.answer", "pk": 10, "fields": {"question": 3, "answer_text": "Yes, I like.", "is_correct": false}}, {"model": "language_evaluator.answer", "pk": 11, "fields": {"question": 3, "answer_text": "Yes, I do.", "is_correct": true}}, {"model": "language_evaluator.answer", "pk": 12, "fields": {"question": 3, "answer_text": "Yes, I am.", "is_correct": false}}, {"model": "language_evaluator.answer", "pk": 13, "fields": {"question": 4, "answer_text": "man", "is_correct": false}}, {"model": "language_evaluator.answer", "pk": 14, "fields": {"question": 4, "answer_text": "boy", "is_correct": false}}, {"model": "language_evaluator.answer", "pk": 15, "fields": {"question": 4, "answer_text": "cat", "is_correct": true}}, {"model": "language_evaluator.answer", "pk": 16, "fields": {"question": 5, "answer_text": "from", "is_correct": true}}, {"model": "language_evaluator.answer", "pk": 17, "fields": {"question": 5, "answer_text": "for", "is_correct": false}}, {"model": "language_evaluator.answer", "pk": 18, "fields": {"question": 6, "answer_text": "doctor", "is_correct": false}}, {"model": "language_evaluator.answer", "pk": 19, "fields": {"question": 6, "answer_text": "horse", "is_correct": true}}, {"model": "language_evaluator.answer", "pk": 20, "fields": {"question": 6, "answer_text": "dentist", "is_correct": false}}, {"model": "language_evaluator.answer", "pk": 21, "fields": {"question": 7, "answer_text": "Spanish", "is_correct": false}}, {"model": "language_evaluator.answer", "pk": 22, "fields": {"question": 7, "answer_text": "Greek", "is_correct": false}}, {"model": "language_evaluator.answer", "pk": 23, "fields": {"question": 7, "answer_text": "Norway", "is_correct": true}}, {"model": "language_evaluator.answer", "pk": 24, "fields": {"question": 8, "answer_text": "so long that", "is_correct": false}}, {"model": "language_evaluator.answer", "pk": 25, "fields": {"question": 8, "answer_text": "while", "is_correct": false}}, {"model": "language_evaluator.answer", "pk": 26, "fields": {"question": 8, "answer_text": "as long as", "is_correct": true}}, {"model": "language_evaluator.answer", "pk": 27, "fields": {"question": 8, "answer_text": "meanwhile", "is_correct": false}}, {"model": "language_evaluator.answer", "pk": 28, "fields": {"question": 9, "answer_text": "gone", "is_correct": false}}, {"model": "language_evaluator.answer", "pk": 29, "fields": {"question": 9, "answer_text": "went", "is_correct": false}}, {"model": "language_evaluator.answer", "pk": 30, "fields": {"question": 9, "answer_text": "been", "is_correct": true}}, {"model": "language_evaluator.answer", "pk": 31, "fields": {"question": 9, "answer_text": "was", "is_correct": false}}, {"model": "language_evaluator.answer", "pk": 32, "fields": {"question": 10, "answer_text": "if I was you.", "is_correct": false}}, {"model": "language_evaluator.answer", "pk": 33, "fields": {"question": 10, "answer_text": "if I would be you.", "is_correct": false}}, {"model": "language_evaluator.answer", "pk": 34, "fields": {"question": 10, "answer_text": "if I were you.", "is_correct": true}}, {"model": "language_evaluator.answer", "pk": 35, "fields": {"question": 10, "answer_text": "if I would you.", "is_correct": false}}, {"model": "language_evaluator.answer", "pk": 36, "fields": {"question": 11, "answer_text": "clever", "is_correct": true}}, {"model": "language_evaluator.answer", "pk": 37, "fields": {"question": 11, "answer_text": "elegant", "is_correct": false}}, {"model": "language_evaluator.answer", "pk": 38, "fields": {"question": 12, "answer_text": "doesn't he?", "is_correct": false}}, {"model": "language_evaluator.answer", "pk": 39, "fields": {"question": 12, "answer_text": "does he?", "is_correct": false}}, {"model": "language_evaluator.answer", "pk": 40, "fields": {"question": 12, "answer_text": "is he?", "is_correct": false}}, {"model": "language_evaluator.answer", "pk": 41, "fields": {"question": 12, "answer_text": "isn't he?", "is_correct": false}}, {"model": "language_evaluator.answer", "pk": 42, "fields": {"question": 13, "answer_text": "going flying", "is_correct": false}}, {"model": "language_evaluator.answer", "pk": 43, "fields": {"question": 13, "answer_text": "fly", "is_correct": false}}, {"model": "language_evaluator.answer", "pk": 44, "fields": {"question": 13, "answer_text": "to fly", "is_correct": false}}, {"model": "language_evaluator.answer", "pk": 45, "fields": {"question": 13, "answer_text": "going to fly", "is_correct": true}}, {"model": "language_evaluator.answer", "pk": 46, "fields": {"question": 14, "answer_text": "since ten years.", "is_correct": false}}, {"model": "language_evaluator.answer", "pk": 47, "fields": {"question": 14, "answer_text": "ten years ago.", "is_correct": false}}, {"model": "language_evaluator.answer", "pk": 48, "fields": {"question": 14, "answer_text": "for ten years.", "is_correct": true}}, {"model": "language_evaluator.answer", "pk": 49, "fields": {"question": 14, "answer_text": "ten years.", "is_correct": false}}, {"model": "language_evaluator.answer", "pk": 50, "fields": {"question": 15, "answer_text": "harder", "is_correct": false}}, {"model": "language_evaluator.answer", "pk": 51, "fields": {"question": 15, "answer_text": "hardest", "is_correct": false}}, {"model": "language_evaluator.answer", "pk": 52, "fields": {"question": 15, "answer_text": "hard", "is_correct": false}}, {"model": "language_evaluator.answer", "pk": 53, "fields": {"question": 15, "answer_text": "more hard", "is_correct": false}}, {"model": "language_evaluator.answer", "pk": 54, "fields": {"question": 16, "answer_text": "still?", "is_correct": false}}, {"model": "language_evaluator.answer", "pk": 55, "fields": {"question": 16, "answer_text": "already?", "is_correct": false}}, {"model": "language_evaluator.answer", "pk": 56, "fields": {"question": 16, "answer_text": "now?", "is_correct": false}}, {"model": "language_evaluator.answer", "pk": 57, "fields": {"question": 16, "answer_text": "yet?", "is_correct": false}}, {"model": "language_evaluator.answer", "pk": 58, "fields": {"question": 17, "answer_text": "will have to", "is_correct": true}}, {"model": "language_evaluator.answer", "pk": 59, "fields": {"question": 17, "answer_text": "would have to", "is_correct": false}}, {"model": "language_evaluator.answer", "pk": 60, "fields": {"question": 17, "answer_text": "had to", "is_correct": false}}, {"model": "language_evaluator.answer", "pk": 61, "fields": {"question": 17, "answer_text": "want to", "is_correct": false}}, {"model": "language_evaluator.answer", "pk": 62, "fields": {"question": 18, "answer_text": "not so clever than", "is_correct": false}}, {"model": "language_evaluator.answer", "pk": 63, "fields": {"question": 18, "answer_text": "not as clever than", "is_correct": false}}, {"model": "language_evaluator.answer", "pk": 64, "fields": {"question": 18, "answer_text": "not as clever as", "is_correct": true}}, {"model": "language_evaluator.answer", "pk": 65, "fields": {"question": 18, "answer_text": "not so clever as", "is_correct": false}}, {"model": "language_evaluator.answer", "pk": 66, "fields": {"question": 19, "answer_text": "Who's", "is_correct": false}}, {"model": "language_evaluator.answer", "pk": 67, "fields": {"question": 19, "answer_text": "Whose", "is_correct": true}}, {"model": "language_evaluator.answer", "pk": 68, "fields": {"question": 20, "answer_text": "I haven't been", "is_correct": true}}, {"model": "language_evaluator.answer", "pk": 69, "fields": {"question": 20, "answer_text": "I haven't gone", "is_correct": false}}, {"model": "language_evaluator.answer", "pk": 70, "fields": {"question": 20, "answer_text": "I didn't been", "is_correct": false}}, {"model": "language_evaluator.answer", "pk": 71, "fields": {"question": 20, "answer_text": "I didn't gone", "is_correct": false}}, {"model": "language_evaluator.answer", "pk": 72, "fields": {"question": 21, "answer_text": "doesn't cost so much as", "is_correct": false}}, {"model": "language_evaluator.answer", "pk": 73, "fields": {"question": 21, "answer_text": "doesn't cost much as", "is_correct": false}}, {"model": "language_evaluator.answer", "pk": 74, "fields": {"question": 21, "answer_text": "doesn't cost much than", "is_correct": false}}, {"model": "language_evaluator.answer", "pk": 75, "fields": {"question": 21, "answer_text": "doesn't cost as much as", "is_correct": true}}, {"model": "language_evaluator.answer", "pk": 76, "fields": {"question": 22, "answer_text": "don't go there.", "is_correct": false}}, {"model": "language_evaluator.answer", "pk": 77, "fields": {"question": 22, "answer_text": "not to go there.", "is_correct": true}}, {"model": "language_evaluator.answer", "pk": 78, "fields": {"question": 22, "answer_text": "don't to go there.", "is_correct": false}}, {"model": "language_evaluator.answer", "pk": 79, "fields": {"question": 22, "answer_text": "that he doesn't go there.", "is_correct": false}}, {"model": "language_evaluator.answer", "pk": 80, "fields": {"question": 23, "answer_text": "you haven't said that.", "is_correct": false}}, {"model": "language_evaluator.answer", "pk": 81, "fields": {"question": 23, "answer_text": "you didn't said that.", "is_correct": false}}, {"model": "language_evaluator.answer", "pk": 82, "fields": {"question": 23, "answer_text": "you hadn't said that.", "is_correct": true}}, {"model": "language_evaluator.answer", "pk": 83, "fields": {"question": 23, "answer_text": "you don't say that.", "is_correct": false}}, {"model": "language_evaluator.answer", "pk": 84, "fields": {"question": 24, "answer_text": "to complain", "is_correct": false}}, {"model": "language_evaluator.answer", "pk": 85, "fields": {"question": 24, "answer_text": "complaining", "is_correct": true}}, {"model": "language_evaluator.answer", "pk": 86, "fields": {"question": 25, "answer_text": "box office", "is_correct": false}}, {"model": "language_evaluator.answer", "pk": 87, "fields": {"question": 25, "answer_text": "food mixture", "is_correct": true}}, {"model": "language_evaluator.answer", "pk": 88, "fields": {"question": 25, "answer_text": "stage", "is_correct": false}}, {"model": "language_evaluator.answer", "pk": 89, "fields": {"question": 25, "answer_text": "footlights", "is_correct": false}}, {"model": "language_evaluator.answer", "pk": 90, "fields": {"question": 26, "answer_text": "branch", "is_correct": false}}, {"model": "language_evaluator.answer", "pk": 91, "fields": {"question": 26, "answer_text": "leaf", "is_correct": false}}, {"model": "language_evaluator.answer", "pk": 92, "fields": {"question": 26, "answer_text": "sleeve", "is_correct": true}}, {"model": "language_evaluator.answer", "pk": 93, "fields": {"question": 26, "answer_text": "twig", "is_correct": false}}, {"model": "language_evaluator.answer", "pk": 94, "fields": {"question": 27, "answer_text": "clinic", "is_correct": false}}, {"model": "language_evaluator.answer", "pk": 95, "fields": {"question": 27, "answer_text": "ward", "is_correct": false}}, {"model": "language_evaluator.answer", "pk": 96, "fields": {"question": 27, "answer_text": "trunk", "is_correct": true}}, {"model": "language_evaluator.answer", "pk": 97, "fields": {"question": 27, "answer_text": "x-ray", "is_correct": false}}, {"model": "language_evaluator.answer", "pk": 98, "fields": {"question": 28, "answer_text": "I would know", "is_correct": false}}, {"model": "language_evaluator.answer", "pk": 99, "fields": {"question": 28, "answer_text": "I would have known", "is_correct": false}}, {"model": "language_evaluator.answer", "pk": 100, "fields": {"question": 28, "answer_text": "I had known", "is_correct": true}}, {"model": "language_evaluator.answer", "pk": 101, "fields": {"question": 28, "answer_text": "I had had known", "is_correct": false}}, {"model": "language_evaluator.answer", "pk": 102, "fields": {"question": 29, "answer_text": "more less", "is_correct": false}}, {"model": "language_evaluator.answer", "pk": 103, "fields": {"question": 29, "answer_text": "much less", "is_correct": true}}, {"model": "language_evaluator.answer", "pk": 104, "fields": {"question": 29, "answer_text": "more or less", "is_correct": false}}, {"model": "language_evaluator.answer", "pk": 105, "fields": {"question": 29, "answer_text": "least", "is_correct": false}}, {"model": "language_evaluator.answer", "pk": 106, "fields": {"question": 30, "answer_text": "eat", "is_correct": false}}, {"model": "language_evaluator.answer", "pk": 107, "fields": {"question": 30, "answer_text": "have ate", "is_correct": false}}, {"model": "language_evaluator.answer", "pk": 108, "fields": {"question": 30, "answer_text": "have eaten", "is_correct": false}}, {"model": "language_evaluator.answer", "pk": 109, "fields": {"question": 30, "answer_text": "ate", "is_correct": false}}, {"model": "language_evaluator.answer", "pk": 110, "fields": {"question": 31, "answer_text": "still", "is_correct": false}}, {"model": "language_evaluator.answer", "pk": 111, "fields": {"question": 31, "answer_text": "yet", "is_correct": true}}, {"model": "language_evaluator.answer", "pk": 112, "fields": {"question": 31, "answer_text": "just", "is_correct": false}}, {"model": "language_evaluator.answer", "pk": 113, "fields": {"question": 31, "answer_text": "even", "is_correct": false}}, {"model": "language_evaluator.answer", "pk": 114, "fields": {"question": 32, "answer_text": "escaped", "is_correct": false}}, {"model": "language_evaluator.answer", "pk": 115, "fields": {"question": 32, "answer_text": "lost", "is_correct": false}}, {"model": "language_evaluator.answer", "pk": 116, "fields": {"question": 32, "answer_text": "avoided", "is_correct": true}}, {"model": "language_evaluator.answer", "pk": 117, "fields": {"question": 32, "answer_text": "missed", "is_correct": false}}, {"model": "language_evaluator.answer", "pk": 118, "fields": {"question": 33, "answer_text": "out", "is_correct": true}}, {"model": "language_evaluator.answer", "pk": 119, "fields": {"question": 33, "answer_text": "around", "is_correct": false}}, {"model": "language_evaluator.answer", "pk": 120, "fields": {"question": 34, "answer_text": "on", "is_correct": false}}, {"model": "language_evaluator.answer", "pk": 121, "fields": {"question": 34, "answer_text": "off", "is_correct": true}}, {"model": "language_evaluator.answer", "pk": 122, "fields": {"question": 35, "answer_text": "he explained me", "is_correct": false}}, {"model": "language_evaluator.answer", "pk": 123, "fields": {"question": 35, "answer_text": "he explained it me", "is_correct": false}}, {"model": "language_evaluator.answer", "pk": 124, "fields": {"question": 35, "answer_text": "he explained it to me", "is_correct": true}}, {"model": "language_evaluator.answer", "pk": 125, "fields": {"question": 35, "answer_text": "he explained me it", "is_correct": false}}, {"model": "language_evaluator.answer", "pk": 126, "fields": {"question": 36, "answer_text": "to take", "is_correct": true}}, {"model": "language_evaluator.answer", "pk": 127, "fields": {"question": 36, "answer_text": "take", "is_correct": false}}, {"model": "language_evaluator.answer", "pk": 128, "fields": {"question": 36, "answer_text": "taking", "is_correct": false}}, {"model": "language_evaluator.answer", "pk": 129, "fields": {"question": 36, "answer_text": "took", "is_correct": false}}, {"model": "language_evaluator.answer", "pk": 130, "fields": {"question": 37, "answer_text": "as if we were", "is_correct": true}}, {"model": "language_evaluator.answer", "pk": 131, "fields": {"question": 37, "answer_text": "as if we was", "is_correct": false}}, {"model": "language_evaluator.answer", "pk": 132, "fields": {"question": 37, "answer_text": "like we were", "is_correct": false}}, {"model": "language_evaluator.answer", "pk": 133, "fields": {"question": 37, "answer_text": "if we were", "is_correct": false}}, {"model": "language_evaluator.answer", "pk": 134, "fields": {"question": 38, "answer_text": "magnate", "is_correct": true}}, {"model": "language_evaluator.answer", "pk": 135, "fields": {"question": 38, "answer_text": "tyrant", "is_correct": false}}, {"model": "language_evaluator.answer", "pk": 136, "fields": {"question": 39, "answer_text": "Steve hasn\u2019t arranged any work for the summer yet.", "is_correct": true}}, {"model": "language_evaluator.answer", "pk": 137, "fields": {"question": 39, "answer_text": "Caroline\u2019s work will allow her to have free time during the day.", "is_correct": true}}, {"model": "language_evaluator.answer", "pk": 138, "fields": {"question": 39, "answer_text": "Caroline\u2019s work will be located in a city.", "is_correct": false}}, {"model": "language_evaluator.answer", "pk": 139, "fields": {"question": 39, "answer_text": "Caroline found out about the job from the internet.", "is_correct": false}}, {"model": "language_evaluator.answer", "pk": 140, "fields": {"question": 39, "answer_text": "Caroline says that work at music festivals is badly paid.", "is_correct": false}}, {"model": "language_evaluator.answer", "pk": 141, "fields": {"question": 39, "answer_text": "Caroline does not have to pay for her accommodation.", "is_correct": false}}, {"model": "language_evaluator.answer", "pk": 142, "fields": {"question": 40, "answer_text": "Apple", "is_correct": true}}, {"model": "language_evaluator.answer", "pk": 143, "fields": {"question": 40, "answer_text": "Banana", "is_correct": true}}, {"model": "language_evaluator.answer", "pk": 144, "fields": {"question": 40, "answer_text": "Carrot", "is_correct": false}}, {"model": "language_evaluator.answer", "pk": 145, "fields": {"question": 40, "answer_text": "Potato", "is_correct": false}}, {"model": "language_evaluator.answer", "pk": 146, "fields": {"question": 41, "answer_text": "My name is <tag>", "is_correct": true}}, {"model": "language_evaluator.answer", "pk": 147, "fields": {"question": 42, "answer_text": "I'm from <tag>", "is_correct": true}}, {"model": "language_evaluator.answer", "pk": 148, "fields": {"question": 42, "answer_text": "I am from <tag>", "is_correct": true}}, {"model": "language_evaluator.answer", "pk": 149, "fields": {"question": 43, "answer_text": "The doors are in the front of the shop", "is_correct": true}}, {"model": "language_evaluator.answer", "pk": 150, "fields": {"question": 43, "answer_text": "The man is ordering food", "is_correct": false}}, {"model": "language_evaluator.answer", "pk": 151, "fields": {"question": 43, "answer_text": "Ice Creams cos more than a burger", "is_correct": false}}, {"model": "language_evaluator.answer", "pk": 152, "fields": {"question": 43, "answer_text": "Someone cleared the window really badly", "is_correct": true}}, {"model": "language_evaluator.testpreset", "pk": 4, "fields": {"name": "Test", "duration": 30}}, {"model": "language_evaluator.testpreset", "pk": 5, "fields": {"name": "All Types", "duration": 66555}}, {"model": "language_evaluator.testpresetquestion", "pk": 12, "fields": {"question": 8, "test_preset": 4}}, {"model": "language_evaluator.testpresetquestion", "pk": 13, "fields": {"question": 33, "test_preset": 4}}, {"model": "language_evaluator.testpresetquestion", "pk": 14, "fields": {"question": 42, "test_preset": 4}}, {"model": "language_evaluator.testpresetquestion", "pk": 15, "fields": {"question": 29, "test_preset": 4}}, {"model": "language_evaluator.testpresetquestion", "pk": 16, "fields": {"question": 40, "test_preset": 4}}, {"model": "language_evaluator.testpresetquestion", "pk": 17, "fields": {"question": 42, "test_preset": 5}}, {"model": "language_evaluator.testpresetquestion", "pk": 18, "fields": {"question": 41, "test_preset": 5}}, {"model": "language_evaluator.testpresetquestion", "pk": 19, "fields": {"question": 40, "test_preset": 5}}, {"model": "language_evaluator.testpresetquestion", "pk": 20, "fields": {"question": 39, "test_preset": 5}}, {"model": "language_evaluator.testpresetquestion", "pk": 21, "fields": {"question": 37, "test_preset": 5}}, {"model": "language_evaluator.testpresetquestion", "pk": 22, "fields": {"question": 43, "test_preset": 5}}, {"model": "language_evaluator.test", "pk": 3, "fields": {"user": 1, "start_time": "2019-11-26T17:28:35Z", "questions_state": "8N-33N-42N-29N-40N", "language": 1, "current_question": 0, "is_finished": true, "result": 0, "test_preset": 4}}, {"model": "language_evaluator.test", "pk": 5, "fields": {"user": 1, "start_time": "2019-11-27T12:26:35Z", "questions_state": "42T-41N-40T-39F-37N-43N", "language": 1, "current_question": 5, "is_finished": false, "result": 0, "test_preset": 5}}, {"model": "admin.logentry", "pk": 1, "fields": {"action_time": "2019-06-20T14:38:54.820Z", "user": 1, "content_type": 7, "object_id": "2", "object_repr": "Are you German?", "action_flag": 1, "change_message": "[{\"added\": {}}]"}}, {"model": "admin.logentry", "pk": 2, "fields": {"action_time": "2019-06-20T14:39:15.461Z", "user": 1, "content_type": 8, "object_id": "5", "object_repr": "No. My are American.", "action_flag": 1, "change_message": "[{\"added\": {}}]"}}, {"model": "admin.logentry", "pk": 3, "fields": {"action_time": "2019-06-20T14:39:31.909Z", "user": 1, "content_type": 8, "object_id": "6", "object_repr": "No. My is American.", "action_flag": 1, "change_message": "[{\"added\": {}}]"}}, {"model": "admin.logentry", "pk": 4, "fields": {"action_time": "2019-06-20T14:39:40.259Z", "user": 1, "content_type": 8, "object_id": "7", "object_repr": "No. I is American.", "action_flag": 1, "change_message": "[{\"added\": {}}]"}}, {"model": "admin.logentry", "pk": 5, "fields": {"action_time": "2019-06-20T14:39:53.173Z", "user": 1, "content_type": 8, "object_id": "8", "object_repr": "No. I am American.", "action_flag": 1, "change_message": "[{\"added\": {}}]"}}, {"model": "admin.logentry", "pk": 6, "fields": {"action_time": "2019-06-20T15:35:09.863Z", "user": 1, "content_type": 9, "object_id": "1", "object_repr": "English(Eng)", "action_flag": 1, "change_message": "[{\"added\": {}}]"}}, {"model": "admin.logentry", "pk": 7, "fields": {"action_time": "2019-06-20T17:03:54.134Z", "user": 1, "content_type": 7, "object_id": "3", "object_repr": "Do you like music?", "action_flag": 1, "change_message": "[{\"added\": {}}]"}}, {"model": "admin.logentry", "pk": 8, "fields": {"action_time": "2019-06-20T17:04:21.196Z", "user": 1, "content_type": 8, "object_id": "9", "object_repr": "Yes, I does.", "action_flag": 1, "change_message": "[{\"added\": {}}]"}}, {"model": "admin.logentry", "pk": 9, "fields": {"action_time": "2019-06-20T17:04:29.409Z", "user": 1, "content_type": 8, "object_id": "10", "object_repr": "Yes, I like.", "action_flag": 1, "change_message": "[{\"added\": {}}]"}}, {"model": "admin.logentry", "pk": 10, "fields": {"action_time": "2019-06-20T17:04:39.068Z", "user": 1, "content_type": 8, "object_id": "11", "object_repr": "Yes, I do.", "action_flag": 1, "change_message": "[{\"added\": {}}]"}}, {"model": "admin.logentry", "pk": 11, "fields": {"action_time": "2019-06-20T17:04:46.440Z", "user": 1, "content_type": 8, "object_id": "12", "object_repr": "Yes, I am.", "action_flag": 1, "change_message": "[{\"added\": {}}]"}}, {"model": "admin.logentry", "pk": 12, "fields": {"action_time": "2019-06-21T10:02:56.778Z", "user": 1, "content_type": 10, "object_id": "2", "object_repr": "English(Eng)", "action_flag": 1, "change_message": "[{\"added\": {}}]"}}, {"model": "admin.logentry", "pk": 13, "fields": {"action_time": "2019-06-21T10:37:48.240Z", "user": 1, "content_type": 10, "object_id": "2", "object_repr": "English(Eng)", "action_flag": 3, "change_message": ""}}, {"model": "admin.logentry", "pk": 14, "fields": {"action_time": "2019-06-21T10:38:26.271Z", "user": 1, "content_type": 10, "object_id": "3", "object_repr": "English(Eng)", "action_flag": 1, "change_message": "[{\"added\": {}}]"}}, {"model": "admin.logentry", "pk": 15, "fields": {"action_time": "2019-06-21T10:41:19.332Z", "user": 1, "content_type": 10, "object_id": "3", "object_repr": "English(Eng)", "action_flag": 2, "change_message": "[{\"changed\": {\"fields\": [\"questions_state\"]}}]"}}, {"model": "admin.logentry", "pk": 16, "fields": {"action_time": "2019-06-21T10:49:22.296Z", "user": 1, "content_type": 10, "object_id": "3", "object_repr": "English(Eng)", "action_flag": 2, "change_message": "[{\"changed\": {\"fields\": [\"questions_state\"]}}]"}}, {"model": "admin.logentry", "pk": 17, "fields": {"action_time": "2019-06-21T11:33:23.858Z", "user": 1, "content_type": 10, "object_id": "3", "object_repr": "English(Eng)", "action_flag": 2, "change_message": "[{\"changed\": {\"fields\": [\"questions_state\"]}}]"}}, {"model": "admin.logentry", "pk": 18, "fields": {"action_time": "2019-06-21T11:36:14.835Z", "user": 1, "content_type": 10, "object_id": "3", "object_repr": "English(Eng)", "action_flag": 2, "change_message": "[{\"changed\": {\"fields\": [\"current_question\"]}}]"}}, {"model": "admin.logentry", "pk": 19, "fields": {"action_time": "2019-06-21T12:17:01.388Z", "user": 1, "content_type": 10, "object_id": "3", "object_repr": "English(Eng)", "action_flag": 2, "change_message": "[{\"changed\": {\"fields\": [\"current_question\"]}}]"}}, {"model": "admin.logentry", "pk": 20, "fields": {"action_time": "2019-06-21T12:44:03.164Z", "user": 1, "content_type": 10, "object_id": "3", "object_repr": "English(Eng)", "action_flag": 2, "change_message": "[{\"changed\": {\"fields\": [\"questions_state\"]}}]"}}, {"model": "admin.logentry", "pk": 21, "fields": {"action_time": "2019-06-21T13:02:49.540Z", "user": 1, "content_type": 7, "object_id": "4", "object_repr": "Spot the different one", "action_flag": 1, "change_message": "[{\"added\": {}}]"}}, {"model": "admin.logentry", "pk": 22, "fields": {"action_time": "2019-06-21T13:03:14.164Z", "user": 1, "content_type": 8, "object_id": "13", "object_repr": "man", "action_flag": 1, "change_message": "[{\"added\": {}}]"}}, {"model": "admin.logentry", "pk": 23, "fields": {"action_time": "2019-06-21T13:03:19.962Z", "user": 1, "content_type": 8, "object_id": "14", "object_repr": "boy", "action_flag": 1, "change_message": "[{\"added\": {}}]"}}, {"model": "admin.logentry", "pk": 24, "fields": {"action_time": "2019-06-21T13:03:28.476Z", "user": 1, "content_type": 8, "object_id": "15", "object_repr": "cat", "action_flag": 1, "change_message": "[{\"added\": {}}]"}}, {"model": "admin.logentry", "pk": 25, "fields": {"action_time": "2019-06-21T13:04:14.621Z", "user": 1, "content_type": 7, "object_id": "5", "object_repr": "Peter and Sidney are .... Australia.", "action_flag": 1, "change_message": "[{\"added\": {}}]"}}, {"model": "admin.logentry", "pk": 26, "fields": {"action_time": "2019-06-21T13:04:24.228Z", "user": 1, "content_type": 7, "object_id": "5", "object_repr": "Peter and Sidney are ...... Australia.", "action_flag": 2, "change_message": "[{\"changed\": {\"fields\": [\"question_text\"]}}]"}}, {"model": "admin.logentry", "pk": 27, "fields": {"action_time": "2019-06-21T13:04:42.944Z", "user": 1, "content_type": 8, "object_id": "16", "object_repr": "from", "action_flag": 1, "change_message": "[{\"added\": {}}]"}}, {"model": "admin.logentry", "pk": 28, "fields": {"action_time": "2019-06-21T13:04:50.128Z", "user": 1, "content_type": 8, "object_id": "17", "object_repr": "for", "action_flag": 1, "change_message": "[{\"added\": {}}]"}}, {"model": "admin.logentry", "pk": 29, "fields": {"action_time": "2019-06-21T13:10:40.782Z", "user": 1, "content_type": 7, "object_id": "6", "object_repr": "Spot the different one", "action_flag": 1, "change_message": "[{\"added\": {}}, {\"added\": {\"name\": \"answer\", \"object\": \"doctor\"}}, {\"added\": {\"name\": \"answer\", \"object\": \"horse\"}}, {\"added\": {\"name\": \"answer\", \"object\": \"dentist\"}}]"}}, {"model": "admin.logentry", "pk": 30, "fields": {"action_time": "2019-06-21T13:11:22.444Z", "user": 1, "content_type": 7, "object_id": "7", "object_repr": "Spot the different one", "action_flag": 1, "change_message": "[{\"added\": {}}, {\"added\": {\"name\": \"answer\", \"object\": \"Spanish\"}}, {\"added\": {\"name\": \"answer\", \"object\": \"Greek\"}}, {\"added\": {\"name\": \"answer\", \"object\": \"Norway\"}}]"}}, {"model": "admin.logentry", "pk": 31, "fields": {"action_time": "2019-06-21T13:11:49.332Z", "user": 1, "content_type": 10, "object_id": "3", "object_repr": "English(Eng)", "action_flag": 2, "change_message": "[{\"changed\": {\"fields\": [\"questions_state\"]}}]"}}, {"model": "admin.logentry", "pk": 32, "fields": {"action_time": "2019-06-21T13:18:13.824Z", "user": 1, "content_type": 10, "object_id": "3", "object_repr": "English(Eng)", "action_flag": 2, "change_message": "[{\"changed\": {\"fields\": [\"start_time\"]}}]"}}, {"model": "admin.logentry", "pk": 33, "fields": {"action_time": "2019-06-21T13:20:04.051Z", "user": 1, "content_type": 7, "object_id": "8", "object_repr": "You can exchange the gift ...... it is returned within seven days.", "action_flag": 1, "change_message": "[{\"added\": {}}, {\"added\": {\"name\": \"answer\", \"object\": \"so long that\"}}, {\"added\": {\"name\": \"answer\", \"object\": \"while\"}}, {\"added\": {\"name\": \"answer\", \"object\": \"as long as\"}}, {\"added\": {\"name\": \"answer\", \"object\": \"meanwhile\"}}]"}}, {"model": "admin.logentry", "pk": 34, "fields": {"action_time": "2019-06-21T13:28:34.769Z", "user": 1, "content_type": 9, "object_id": "2", "object_repr": "German(DE)", "action_flag": 1, "change_message": "[{\"added\": {}}]"}}, {"model": "admin.logentry", "pk": 35, "fields": {"action_time": "2019-06-21T13:28:42.429Z", "user": 1, "content_type": 9, "object_id": "1", "object_repr": "English(ENG)", "action_flag": 2, "change_message": "[{\"changed\": {\"fields\": [\"short_name\"]}}]"}}, {"model": "admin.logentry", "pk": 36, "fields": {"action_time": "2019-06-21T13:33:41.546Z", "user": 1, "content_type": 4, "object_id": "4", "object_repr": "asd", "action_flag": 3, "change_message": ""}}, {"model": "admin.logentry", "pk": 37, "fields": {"action_time": "2019-06-21T13:33:41.552Z", "user": 1, "content_type": 4, "object_id": "5", "object_repr": "hhhh", "action_flag": 3, "change_message": ""}}, {"model": "admin.logentry", "pk": 38, "fields": {"action_time": "2019-06-21T13:33:41.555Z", "user": 1, "content_type": 4, "object_id": "3", "object_repr": "pwr230398", "action_flag": 3, "change_message": ""}}, {"model": "admin.logentry", "pk": 39, "fields": {"action_time": "2019-06-21T14:02:52.290Z", "user": 1, "content_type": 10, "object_id": "3", "object_repr": "English(ENG)", "action_flag": 2, "change_message": "[{\"changed\": {\"fields\": [\"start_time\"]}}]"}}, {"model": "admin.logentry", "pk": 40, "fields": {"action_time": "2019-06-21T14:08:26.220Z", "user": 1, "content_type": 10, "object_id": "3", "object_repr": "English(ENG)", "action_flag": 2, "change_message": "[{\"changed\": {\"fields\": [\"start_time\"]}}]"}}, {"model": "admin.logentry", "pk": 41, "fields": {"action_time": "2019-06-21T14:51:29.170Z", "user": 1, "content_type": 10, "object_id": "3", "object_repr": "English(ENG)", "action_flag": 2, "change_message": "[{\"changed\": {\"fields\": [\"current_question\"]}}]"}}, {"model": "admin.logentry", "pk": 42, "fields": {"action_time": "2019-06-21T14:54:23.830Z", "user": 1, "content_type": 10, "object_id": "3", "object_repr": "English(ENG)", "action_flag": 2, "change_message": "[{\"changed\": {\"fields\": [\"start_time\", \"current_question\"]}}]"}}, {"model": "admin.logentry", "pk": 43, "fields": {"action_time": "2019-06-21T14:54:28.821Z", "user": 1, "content_type": 10, "object_id": "3", "object_repr": "English(ENG)", "action_flag": 2, "change_message": "[{\"changed\": {\"fields\": [\"is_finished\"]}}]"}}, {"model": "admin.logentry", "pk": 44, "fields": {"action_time": "2019-06-21T14:55:26.125Z", "user": 1, "content_type": 10, "object_id": "3", "object_repr": "English(ENG)", "action_flag": 2, "change_message": "[{\"changed\": {\"fields\": [\"start_time\"]}}]"}}, {"model": "admin.logentry", "pk": 45, "fields": {"action_time": "2019-06-21T15:02:53.156Z", "user": 1, "content_type": 10, "object_id": "3", "object_repr": "English(ENG)", "action_flag": 2, "change_message": "[{\"changed\": {\"fields\": [\"start_time\"]}}]"}}, {"model": "admin.logentry", "pk": 46, "fields": {"action_time": "2019-06-21T15:09:36.865Z", "user": 1, "content_type": 10, "object_id": "3", "object_repr": "English(ENG)", "action_flag": 2, "change_message": "[{\"changed\": {\"fields\": [\"is_finished\"]}}]"}}, {"model": "admin.logentry", "pk": 47, "fields": {"action_time": "2019-06-21T15:10:40.805Z", "user": 1, "content_type": 10, "object_id": "3", "object_repr": "English(ENG)", "action_flag": 2, "change_message": "[{\"changed\": {\"fields\": [\"is_finished\"]}}]"}}, {"model": "admin.logentry", "pk": 48, "fields": {"action_time": "2019-06-21T15:26:10.246Z", "user": 1, "content_type": 10, "object_id": "3", "object_repr": "English(ENG)", "action_flag": 2, "change_message": "[{\"changed\": {\"fields\": [\"questions_state\", \"is_finished\"]}}]"}}, {"model": "admin.logentry", "pk": 49, "fields": {"action_time": "2019-06-21T15:26:56.703Z", "user": 1, "content_type": 10, "object_id": "3", "object_repr": "English(ENG)", "action_flag": 2, "change_message": "[{\"changed\": {\"fields\": [\"questions_state\", \"is_finished\"]}}]"}}, {"model": "admin.logentry", "pk": 50, "fields": {"action_time": "2019-06-21T15:27:14.242Z", "user": 1, "content_type": 10, "object_id": "3", "object_repr": "English(ENG)", "action_flag": 2, "change_message": "[{\"changed\": {\"fields\": [\"questions_state\", \"is_finished\"]}}]"}}, {"model": "admin.logentry", "pk": 51, "fields": {"action_time": "2019-06-21T15:27:30.207Z", "user": 1, "content_type": 10, "object_id": "3", "object_repr": "English(ENG)", "action_flag": 2, "change_message": "[{\"changed\": {\"fields\": [\"questions_state\", \"is_finished\"]}}]"}}, {"model": "admin.logentry", "pk": 52, "fields": {"action_time": "2019-06-21T15:28:04.082Z", "user": 1, "content_type": 10, "object_id": "3", "object_repr": "English(ENG)", "action_flag": 2, "change_message": "[{\"changed\": {\"fields\": [\"questions_state\", \"is_finished\"]}}]"}}, {"model": "admin.logentry", "pk": 53, "fields": {"action_time": "2019-06-21T15:28:17.592Z", "user": 1, "content_type": 10, "object_id": "3", "object_repr": "English(ENG)", "action_flag": 2, "change_message": "[{\"changed\": {\"fields\": [\"questions_state\"]}}]"}}, {"model": "admin.logentry", "pk": 54, "fields": {"action_time": "2019-06-21T15:28:22.947Z", "user": 1, "content_type": 10, "object_id": "3", "object_repr": "English(ENG)", "action_flag": 2, "change_message": "[{\"changed\": {\"fields\": [\"is_finished\"]}}]"}}, {"model": "admin.logentry", "pk": 55, "fields": {"action_time": "2019-06-21T15:29:38.050Z", "user": 1, "content_type": 10, "object_id": "3", "object_repr": "English(ENG)", "action_flag": 2, "change_message": "[{\"changed\": {\"fields\": [\"questions_state\", \"is_finished\"]}}]"}}, {"model": "admin.logentry", "pk": 56, "fields": {"action_time": "2019-06-21T15:31:50.210Z", "user": 1, "content_type": 10, "object_id": "3", "object_repr": "English(ENG)", "action_flag": 2, "change_message": "[{\"changed\": {\"fields\": [\"is_finished\"]}}]"}}, {"model": "admin.logentry", "pk": 57, "fields": {"action_time": "2019-06-21T15:50:06.896Z", "user": 1, "content_type": 10, "object_id": "3", "object_repr": "English(ENG)", "action_flag": 2, "change_message": "[{\"changed\": {\"fields\": [\"start_time\", \"is_finished\"]}}]"}}, {"model": "admin.logentry", "pk": 58, "fields": {"action_time": "2019-06-21T17:50:05.652Z", "user": 1, "content_type": 7, "object_id": "9", "object_repr": "Have you ever ...... to Mallorca?", "action_flag": 1, "change_message": "[{\"added\": {}}, {\"added\": {\"name\": \"answer\", \"object\": \"gone\"}}, {\"added\": {\"name\": \"answer\", \"object\": \"went\"}}, {\"added\": {\"name\": \"answer\", \"object\": \"been\"}}, {\"added\": {\"name\": \"answer\", \"object\": \"was\"}}]"}}, {"model": "admin.logentry", "pk": 59, "fields": {"action_time": "2019-06-21T17:50:51.760Z", "user": 1, "content_type": 7, "object_id": "10", "object_repr": "I wouldn't do that ......", "action_flag": 1, "change_message": "[{\"added\": {}}, {\"added\": {\"name\": \"answer\", \"object\": \"if I was you.\"}}, {\"added\": {\"name\": \"answer\", \"object\": \"if I would be you.\"}}, {\"added\": {\"name\": \"answer\", \"object\": \"if I were you.\"}}, {\"added\": {\"name\": \"answer\", \"object\": \"if I would you.\"}}]"}}, {"model": "admin.logentry", "pk": 60, "fields": {"action_time": "2019-06-21T17:52:32.057Z", "user": 1, "content_type": 7, "object_id": "11", "object_repr": "Synonim to intelligent", "action_flag": 1, "change_message": "[{\"added\": {}}, {\"added\": {\"name\": \"answer\", \"object\": \"clever\"}}, {\"added\": {\"name\": \"answer\", \"object\": \"elegant\"}}]"}}, {"model": "admin.logentry", "pk": 61, "fields": {"action_time": "2019-06-21T17:54:15.467Z", "user": 1, "content_type": 7, "object_id": "12", "object_repr": "Robert's from New York, .....", "action_flag": 1, "change_message": "[{\"added\": {}}, {\"added\": {\"name\": \"answer\", \"object\": \"doesn't he?\"}}, {\"added\": {\"name\": \"answer\", \"object\": \"does he?\"}}, {\"added\": {\"name\": \"answer\", \"object\": \"is he?\"}}, {\"added\": {\"name\": \"answer\", \"object\": \"isn't he?\"}}]"}}, {"model": "admin.logentry", "pk": 62, "fields": {"action_time": "2019-06-21T17:55:17.544Z", "user": 1, "content_type": 7, "object_id": "13", "object_repr": "They are ...... to Brazil tomorrow.", "action_flag": 1, "change_message": "[{\"added\": {}}, {\"added\": {\"name\": \"answer\", \"object\": \"going flying\"}}, {\"added\": {\"name\": \"answer\", \"object\": \"fly\"}}, {\"added\": {\"name\": \"answer\", \"object\": \"to fly\"}}, {\"added\": {\"name\": \"answer\", \"object\": \"going to fly\"}}]"}}, {"model": "admin.logentry", "pk": 63, "fields": {"action_time": "2019-06-21T17:56:36.421Z", "user": 1, "content_type": 7, "object_id": "14", "object_repr": "I have been living in Madrid ......", "action_flag": 1, "change_message": "[{\"added\": {}}, {\"added\": {\"name\": \"answer\", \"object\": \"since ten years.\"}}, {\"added\": {\"name\": \"answer\", \"object\": \"ten years ago.\"}}, {\"added\": {\"name\": \"answer\", \"object\": \"for ten years.\"}}, {\"added\": {\"name\": \"answer\", \"object\": \"ten years.\"}}]"}}, {"model": "admin.logentry", "pk": 64, "fields": {"action_time": "2019-06-21T17:57:12.937Z", "user": 1, "content_type": 7, "object_id": "15", "object_repr": "This is the ...... thing I have ever done.", "action_flag": 1, "change_message": "[{\"added\": {}}, {\"added\": {\"name\": \"answer\", \"object\": \"harder\"}}, {\"added\": {\"name\": \"answer\", \"object\": \"hardest\"}}, {\"added\": {\"name\": \"answer\", \"object\": \"hard\"}}, {\"added\": {\"name\": \"answer\", \"object\": \"more hard\"}}]"}}, {"model": "admin.logentry", "pk": 65, "fields": {"action_time": "2019-06-21T17:57:57.112Z", "user": 1, "content_type": 7, "object_id": "16", "object_repr": "Have you finished with the newspaper ......", "action_flag": 1, "change_message": "[{\"added\": {}}, {\"added\": {\"name\": \"answer\", \"object\": \"still?\"}}, {\"added\": {\"name\": \"answer\", \"object\": \"already?\"}}, {\"added\": {\"name\": \"answer\", \"object\": \"now?\"}}, {\"added\": {\"name\": \"answer\", \"object\": \"yet?\"}}]"}}, {"model": "admin.logentry", "pk": 66, "fields": {"action_time": "2019-06-21T17:58:48.567Z", "user": 1, "content_type": 7, "object_id": "17", "object_repr": "If I want to pass my exam, I ...... study harder.", "action_flag": 1, "change_message": "[{\"added\": {}}, {\"added\": {\"name\": \"answer\", \"object\": \"will have to\"}}, {\"added\": {\"name\": \"answer\", \"object\": \"would have to\"}}, {\"added\": {\"name\": \"answer\", \"object\": \"had to\"}}, {\"added\": {\"name\": \"answer\", \"object\": \"want to\"}}]"}}, {"model": "admin.logentry", "pk": 67, "fields": {"action_time": "2019-06-21T17:59:32.419Z", "user": 1, "content_type": 7, "object_id": "18", "object_repr": "Michael is ...... his sister.", "action_flag": 1, "change_message": "[{\"added\": {}}, {\"added\": {\"name\": \"answer\", \"object\": \"not so clever than\"}}, {\"added\": {\"name\": \"answer\", \"object\": \"not as clever than\"}}, {\"added\": {\"name\": \"answer\", \"object\": \"not as clever as\"}}, {\"added\": {\"name\": \"answer\", \"object\": \"not so clever as\"}}]"}}, {"model": "admin.logentry", "pk": 68, "fields": {"action_time": "2019-06-21T18:01:06.061Z", "user": 1, "content_type": 7, "object_id": "19", "object_repr": "...... book is this?", "action_flag": 1, "change_message": "[{\"added\": {}}, {\"added\": {\"name\": \"answer\", \"object\": \"Who's\"}}, {\"added\": {\"name\": \"answer\", \"object\": \"Whose\"}}]"}}, {"model": "admin.logentry", "pk": 69, "fields": {"action_time": "2019-06-21T18:03:00.284Z", "user": 1, "content_type": 7, "object_id": "20", "object_repr": "...... to the theatre for ages.", "action_flag": 1, "change_message": "[{\"added\": {}}, {\"added\": {\"name\": \"answer\", \"object\": \"I haven't been\"}}, {\"added\": {\"name\": \"answer\", \"object\": \"I haven't gone\"}}, {\"added\": {\"name\": \"answer\", \"object\": \"I didn't been\"}}, {\"added\": {\"name\": \"answer\", \"object\": \"I didn't gone\"}}]"}}, {"model": "admin.logentry", "pk": 70, "fields": {"action_time": "2019-06-21T18:03:46.108Z", "user": 1, "content_type": 7, "object_id": "21", "object_repr": "A motorbike ...... a car.", "action_flag": 1, "change_message": "[{\"added\": {}}, {\"added\": {\"name\": \"answer\", \"object\": \"doesn't cost so much as\"}}, {\"added\": {\"name\": \"answer\", \"object\": \"doesn't cost much as\"}}, {\"added\": {\"name\": \"answer\", \"object\": \"doesn't cost much than\"}}, {\"added\": {\"name\": \"answer\", \"object\": \"doesn't cost as much as\"}}]"}}, {"model": "admin.logentry", "pk": 71, "fields": {"action_time": "2019-06-21T18:04:30.330Z", "user": 1, "content_type": 7, "object_id": "22", "object_repr": "I told him ......", "action_flag": 1, "change_message": "[{\"added\": {}}, {\"added\": {\"name\": \"answer\", \"object\": \"don't go there.\"}}, {\"added\": {\"name\": \"answer\", \"object\": \"not to go there.\"}}, {\"added\": {\"name\": \"answer\", \"object\": \"don't to go there.\"}}, {\"added\": {\"name\": \"answer\", \"object\": \"that he doesn't go there.\"}}]"}}, {"model": "admin.logentry", "pk": 72, "fields": {"action_time": "2019-06-21T18:05:31.489Z", "user": 1, "content_type": 7, "object_id": "23", "object_repr": "I wish ......", "action_flag": 1, "change_message": "[{\"added\": {}}, {\"added\": {\"name\": \"answer\", \"object\": \"you haven't said that.\"}}, {\"added\": {\"name\": \"answer\", \"object\": \"you didn't said that.\"}}, {\"added\": {\"name\": \"answer\", \"object\": \"you hadn't said that.\"}}, {\"added\": {\"name\": \"answer\", \"object\": \"you don't say that.\"}}]"}}, {"model": "admin.logentry", "pk": 73, "fields": {"action_time": "2019-06-21T18:06:29.240Z", "user": 1, "content_type": 7, "object_id": "24", "object_repr": "Don't start ...... again. You are giving me a headache!", "action_flag": 1, "change_message": "[{\"added\": {}}, {\"added\": {\"name\": \"answer\", \"object\": \"to complain\"}}, {\"added\": {\"name\": \"answer\", \"object\": \"complaining\"}}]"}}, {"model": "admin.logentry", "pk": 74, "fields": {"action_time": "2019-06-21T18:07:02.950Z", "user": 1, "content_type": 7, "object_id": "25", "object_repr": "Which word doesn't fit?", "action_flag": 1, "change_message": "[{\"added\": {}}, {\"added\": {\"name\": \"answer\", \"object\": \"box office\"}}, {\"added\": {\"name\": \"answer\", \"object\": \"food mixture\"}}, {\"added\": {\"name\": \"answer\", \"object\": \"stage\"}}, {\"added\": {\"name\": \"answer\", \"object\": \"footlights\"}}]"}}, {"model": "admin.logentry", "pk": 75, "fields": {"action_time": "2019-06-21T18:07:38.920Z", "user": 1, "content_type": 7, "object_id": "26", "object_repr": "Which word doesn't fit?", "action_flag": 1, "change_message": "[{\"added\": {}}, {\"added\": {\"name\": \"answer\", \"object\": \"branch\"}}, {\"added\": {\"name\": \"answer\", \"object\": \"leaf\"}}, {\"added\": {\"name\": \"answer\", \"object\": \"sleeve\"}}, {\"added\": {\"name\": \"answer\", \"object\": \"twig\"}}]"}}, {"model": "admin.logentry", "pk": 76, "fields": {"action_time": "2019-06-21T18:08:14.280Z", "user": 1, "content_type": 7, "object_id": "27", "object_repr": "Which word doesn't fit?", "action_flag": 1, "change_message": "[{\"added\": {}}, {\"added\": {\"name\": \"answer\", \"object\": \"clinic\"}}, {\"added\": {\"name\": \"answer\", \"object\": \"ward\"}}, {\"added\": {\"name\": \"answer\", \"object\": \"trunk\"}}, {\"added\": {\"name\": \"answer\", \"object\": \"x-ray\"}}]"}}, {"model": "admin.logentry", "pk": 77, "fields": {"action_time": "2019-06-21T18:09:25.849Z", "user": 1, "content_type": 10, "object_id": "3", "object_repr": "English(ENG)", "action_flag": 2, "change_message": "[{\"changed\": {\"fields\": [\"start_time\", \"questions_state\", \"is_finished\"]}}]"}}, {"model": "admin.logentry", "pk": 78, "fields": {"action_time": "2019-06-21T18:13:55.345Z", "user": 1, "content_type": 7, "object_id": "28", "object_repr": "If ...... you were coming, I would have baked a cake!", "action_flag": 1, "change_message": "[{\"added\": {}}, {\"added\": {\"name\": \"answer\", \"object\": \"I would know\"}}, {\"added\": {\"name\": \"answer\", \"object\": \"I would have known\"}}, {\"added\": {\"name\": \"answer\", \"object\": \"I had known\"}}, {\"added\": {\"name\": \"answer\", \"object\": \"I had had known\"}}]"}}, {"model": "admin.logentry", "pk": 79, "fields": {"action_time": "2019-06-21T18:15:45.521Z", "user": 1, "content_type": 7, "object_id": "29", "object_repr": "The flight to London was ...... expensive than I thought.", "action_flag": 1, "change_message": "[{\"added\": {}}, {\"added\": {\"name\": \"answer\", \"object\": \"more less\"}}, {\"added\": {\"name\": \"answer\", \"object\": \"much less\"}}, {\"added\": {\"name\": \"answer\", \"object\": \"more or less\"}}, {\"added\": {\"name\": \"answer\", \"object\": \"least\"}}]"}}, {"model": "admin.logentry", "pk": 80, "fields": {"action_time": "2019-06-21T18:16:32.464Z", "user": 1, "content_type": 7, "object_id": "30", "object_repr": "I ...... Indian food.", "action_flag": 1, "change_message": "[{\"added\": {}}, {\"added\": {\"name\": \"answer\", \"object\": \"eat\"}}, {\"added\": {\"name\": \"answer\", \"object\": \"have ate\"}}, {\"added\": {\"name\": \"answer\", \"object\": \"have eaten\"}}, {\"added\": {\"name\": \"answer\", \"object\": \"ate\"}}]"}}, {"model": "admin.logentry", "pk": 81, "fields": {"action_time": "2019-06-21T18:18:32.279Z", "user": 1, "content_type": 7, "object_id": "31", "object_repr": "I had never seen it before, and ...... I knew exactly what to do.", "action_flag": 1, "change_message": "[{\"added\": {}}, {\"added\": {\"name\": \"answer\", \"object\": \"still\"}}, {\"added\": {\"name\": \"answer\", \"object\": \"yet\"}}, {\"added\": {\"name\": \"answer\", \"object\": \"just\"}}, {\"added\": {\"name\": \"answer\", \"object\": \"even\"}}]"}}, {"model": "admin.logentry", "pk": 82, "fields": {"action_time": "2019-06-21T18:19:28.720Z", "user": 1, "content_type": 7, "object_id": "32", "object_repr": "If we had told the truth, we could have ......", "action_flag": 1, "change_message": "[{\"added\": {}}, {\"added\": {\"name\": \"answer\", \"object\": \"escaped\"}}, {\"added\": {\"name\": \"answer\", \"object\": \"lost\"}}, {\"added\": {\"name\": \"answer\", \"object\": \"avoided\"}}, {\"added\": {\"name\": \"answer\", \"object\": \"missed\"}}]"}}, {"model": "admin.logentry", "pk": 83, "fields": {"action_time": "2019-06-21T18:20:26.386Z", "user": 1, "content_type": 7, "object_id": "33", "object_repr": "I am always on the look ...... for bargains!", "action_flag": 1, "change_message": "[{\"added\": {}}, {\"added\": {\"name\": \"answer\", \"object\": \"out\"}}, {\"added\": {\"name\": \"answer\", \"object\": \"around\"}}]"}}, {"model": "admin.logentry", "pk": 84, "fields": {"action_time": "2019-06-21T18:20:53.417Z", "user": 1, "content_type": 7, "object_id": "34", "object_repr": "We had a 20 minute delay at the airport before take ......", "action_flag": 1, "change_message": "[{\"added\": {}}, {\"added\": {\"name\": \"answer\", \"object\": \"on\"}}, {\"added\": {\"name\": \"answer\", \"object\": \"off\"}}]"}}, {"model": "admin.logentry", "pk": 85, "fields": {"action_time": "2019-06-21T18:22:45.639Z", "user": 1, "content_type": 7, "object_id": "35", "object_repr": "I didn't understand at first, but then ...... and the answer was clear.", "action_flag": 1, "change_message": "[{\"added\": {}}, {\"added\": {\"name\": \"answer\", \"object\": \"he explained me\"}}, {\"added\": {\"name\": \"answer\", \"object\": \"he explained it me\"}}, {\"added\": {\"name\": \"answer\", \"object\": \"he explained it to me\"}}, {\"added\": {\"name\": \"answer\", \"object\": \"he explained me it\"}}]"}}, {"model": "admin.logentry", "pk": 86, "fields": {"action_time": "2019-06-21T18:24:12.822Z", "user": 1, "content_type": 7, "object_id": "36", "object_repr": "He refused ...... responsibility for the accident.", "action_flag": 1, "change_message": "[{\"added\": {}}, {\"added\": {\"name\": \"answer\", \"object\": \"to take\"}}, {\"added\": {\"name\": \"answer\", \"object\": \"take\"}}, {\"added\": {\"name\": \"answer\", \"object\": \"taking\"}}, {\"added\": {\"name\": \"answer\", \"object\": \"took\"}}]"}}, {"model": "admin.logentry", "pk": 87, "fields": {"action_time": "2019-06-21T18:25:23.301Z", "user": 1, "content_type": 7, "object_id": "37", "object_repr": "She talks to me, ...... friends.", "action_flag": 1, "change_message": "[{\"added\": {}}, {\"added\": {\"name\": \"answer\", \"object\": \"as if we were\"}}, {\"added\": {\"name\": \"answer\", \"object\": \"as if we was\"}}, {\"added\": {\"name\": \"answer\", \"object\": \"like we were\"}}, {\"added\": {\"name\": \"answer\", \"object\": \"if we were\"}}]"}}, {"model": "admin.logentry", "pk": 88, "fields": {"action_time": "2019-06-21T18:26:13.820Z", "user": 1, "content_type": 7, "object_id": "38", "object_repr": "A ...... is a person who is very rich and powerful, especially in industry.", "action_flag": 1, "change_message": "[{\"added\": {}}, {\"added\": {\"name\": \"answer\", \"object\": \"magnate\"}}, {\"added\": {\"name\": \"answer\", \"object\": \"tyrant\"}}]"}}, {"model": "admin.logentry", "pk": 89, "fields": {"action_time": "2019-06-21T18:28:11.962Z", "user": 1, "content_type": 10, "object_id": "3", "object_repr": "English(ENG)", "action_flag": 2, "change_message": "[{\"changed\": {\"fields\": [\"start_time\", \"questions_state\", \"is_finished\"]}}]"}}, {"model": "admin.logentry", "pk": 90, "fields": {"action_time": "2019-06-21T18:29:14.624Z", "user": 1, "content_type": 10, "object_id": "4", "object_repr": "German(DE)", "action_flag": 1, "change_message": "[{\"added\": {}}]"}}, {"model": "admin.logentry", "pk": 91, "fields": {"action_time": "2019-06-21T18:30:42.892Z", "user": 1, "content_type": 9, "object_id": "3", "object_repr": "Japanese(JP)", "action_flag": 1, "change_message": "[{\"added\": {}}]"}}, {"model": "admin.logentry", "pk": 92, "fields": {"action_time": "2019-06-21T18:38:48.020Z", "user": 1, "content_type": 10, "object_id": "4", "object_repr": "German(DE)", "action_flag": 3, "change_message": ""}}, {"model": "admin.logentry", "pk": 93, "fields": {"action_time": "2019-06-30T13:02:55.701Z", "user": 1, "content_type": 10, "object_id": "3", "object_repr": "English(ENG)", "action_flag": 2, "change_message": "[{\"changed\": {\"fields\": [\"start_time\", \"current_question\", \"is_finished\", \"result\"]}}]"}}, {"model": "admin.logentry", "pk": 94, "fields": {"action_time": "2019-08-11T19:15:38.973Z", "user": 1, "content_type": 10, "object_id": "3", "object_repr": "English(ENG)", "action_flag": 2, "change_message": "[{\"changed\": {\"fields\": [\"start_time\", \"is_finished\"]}}]"}}, {"model": "admin.logentry", "pk": 95, "fields": {"action_time": "2019-10-08T12:41:03.112Z", "user": 1, "content_type": 10, "object_id": "3", "object_repr": "English(ENG)", "action_flag": 2, "change_message": "[{\"changed\": {\"fields\": [\"start_time\"]}}]"}}, {"model": "admin.logentry", "pk": 96, "fields": {"action_time": "2019-10-27T22:43:48.651Z", "user": 1, "content_type": 10, "object_id": "3", "object_repr": "English(ENG)", "action_flag": 2, "change_message": "[{\"changed\": {\"fields\": [\"start_time\"]}}]"}}, {"model": "admin.logentry", "pk": 97, "fields": {"action_time": "2019-10-27T22:44:01.512Z", "user": 1, "content_type": 10, "object_id": "3", "object_repr": "English(ENG)", "action_flag": 2, "change_message": "[{\"changed\": {\"fields\": [\"is_finished\"]}}]"}}, {"model": "admin.logentry", "pk": 98, "fields": {"action_time": "2019-10-27T22:44:24.776Z", "user": 1, "content_type": 10, "object_id": "3", "object_repr": "English(ENG)", "action_flag": 2, "change_message": "[{\"changed\": {\"fields\": [\"questions_state\"]}}]"}}, {"model": "admin.logentry", "pk": 99, "fields": {"action_time": "2019-10-28T10:05:16.481Z", "user": 1, "content_type": 10, "object_id": "3", "object_repr": "English(ENG)", "action_flag": 2, "change_message": "[{\"changed\": {\"fields\": [\"start_time\", \"is_finished\"]}}]"}}, {"model": "admin.logentry", "pk": 100, "fields": {"action_time": "2019-11-23T10:46:23.220Z", "user": 1, "content_type": 10, "object_id": "3", "object_repr": "English(ENG)", "action_flag": 2, "change_message": "[{\"changed\": {\"fields\": [\"start_time\"]}}]"}}, {"model": "admin.logentry", "pk": 101, "fields": {"action_time": "2019-11-23T10:56:23.411Z", "user": 1, "content_type": 10, "object_id": "3", "object_repr": "English(ENG)", "action_flag": 2, "change_message": "[]"}}, {"model": "admin.logentry", "pk": 102, "fields": {"action_time": "2019-11-23T11:37:56.501Z", "user": 1, "content_type": 7, "object_id": "1", "object_repr": "Where do you live?", "action_flag": 2, "change_message": "[{\"changed\": {\"fields\": [\"audio_file\", \"image_file\"]}}]"}}, {"model": "admin.logentry", "pk": 103, "fields": {"action_time": "2019-11-23T13:23:05.823Z", "user": 1, "content_type": 7, "object_id": "39", "object_repr": "Listen to recording and answer True/False questions.", "action_flag": 1, "change_message": "[{\"added\": {}}, {\"added\": {\"name\": \"answer\", \"object\": \"Steve hasn\\u2019t arranged any work for the summer yet.\"}}, {\"added\": {\"name\": \"answer\", \"object\": \"Caroline\\u2019s work will allow her to have free time during the day.\"}}, {\"added\": {\"name\": \"answer\", \"object\": \"Caroline\\u2019s work will be located in a city.\"}}, {\"added\": {\"name\": \"answer\", \"object\": \"Caroline found out about the job from the internet.\"}}, {\"added\": {\"name\": \"answer\", \"object\": \"Caroline says that work at music festivals is badly paid.\"}}, {\"added\": {\"name\": \"answer\", \"object\": \"Caroline does not have to pay for her accommodation.\"}}]"}}, {"model": "admin.logentry", "pk": 104, "fields": {"action_time": "2019-11-23T13:23:32.843Z", "user": 1, "content_type": 7, "object_id": "1", "object_repr": "Where do you live?", "action_flag": 2, "change_message": "[{\"changed\": {\"fields\": [\"audio_file\", \"image_file\"]}}]"}}, {"model": "admin.logentry", "pk": 105, "fields": {"action_time": "2019-11-23T13:23:53.902Z", "user": 1, "content_type": 10, "object_id": "3", "object_repr": "English(ENG)", "action_flag": 2, "change_message": "[{\"changed\": {\"fields\": [\"questions_state\"]}}]"}}, {"model": "admin.logentry", "pk": 106, "fields": {"action_time": "2019-11-23T13:30:11.984Z", "user": 1, "content_type": 7, "object_id": "39", "object_repr": "Listen to recording and check True sentences.", "action_flag": 2, "change_message": "[{\"changed\": {\"fields\": [\"question_text\"]}}]"}}, {"model": "admin.logentry", "pk": 107, "fields": {"action_time": "2019-11-23T13:46:10.758Z", "user": 1, "content_type": 7, "object_id": "40", "object_repr": "Which of these are fruits?", "action_flag": 1, "change_message": "[{\"added\": {}}, {\"added\": {\"name\": \"answer\", \"object\": \"Apple\"}}, {\"added\": {\"name\": \"answer\", \"object\": \"Banana\"}}, {\"added\": {\"name\": \"answer\", \"object\": \"Carrot\"}}, {\"added\": {\"name\": \"answer\", \"object\": \"Potato\"}}]"}}, {"model": "admin.logentry", "pk": 108, "fields": {"action_time": "2019-11-23T13:46:33.991Z", "user": 1, "content_type": 10, "object_id": "3", "object_repr": "English(ENG)", "action_flag": 2, "change_message": "[{\"changed\": {\"fields\": [\"questions_state\"]}}]"}}, {"model": "admin.logentry", "pk": 109, "fields": {"action_time": "2019-11-23T14:05:29.427Z", "user": 1, "content_type": 7, "object_id": "41", "object_repr": "What's your name?", "action_flag": 1, "change_message": "[{\"added\": {}}, {\"added\": {\"name\": \"answer\", \"object\": \"My name is\"}}]"}}, {"model": "admin.logentry", "pk": 110, "fields": {"action_time": "2019-11-23T14:05:54.311Z", "user": 1, "content_type": 10, "object_id": "3", "object_repr": "English(ENG)", "action_flag": 2, "change_message": "[{\"changed\": {\"fields\": [\"questions_state\"]}}]"}}, {"model": "admin.logentry", "pk": 111, "fields": {"action_time": "2019-11-23T14:43:00.114Z", "user": 1, "content_type": 7, "object_id": "42", "object_repr": "Where are you from?", "action_flag": 1, "change_message": "[{\"added\": {}}, {\"added\": {\"name\": \"answer\", \"object\": \"I'm from <tag>\"}}, {\"added\": {\"name\": \"answer\", \"object\": \"I am from <tag>\"}}]"}}, {"model": "admin.logentry", "pk": 112, "fields": {"action_time": "2019-11-23T14:43:18.227Z", "user": 1, "content_type": 10, "object_id": "3", "object_repr": "English(ENG)", "action_flag": 2, "change_message": "[{\"changed\": {\"fields\": [\"questions_state\"]}}]"}}, {"model": "admin.logentry", "pk": 113, "fields": {"action_time": "2019-11-23T14:46:36.748Z", "user": 1, "content_type": 7, "object_id": "39", "object_repr": "Listen to recording and check True or False", "action_flag": 2, "change_message": "[{\"changed\": {\"fields\": [\"question_text\"]}}]"}}, {"model": "admin.logentry", "pk": 114, "fields": {"action_time": "2019-11-23T15:58:24.610Z", "user": 1, "content_type": 3, "object_id": "1", "object_repr": "tester", "action_flag": 1, "change_message": "[{\"added\": {}}]"}}, {"model": "admin.logentry", "pk": 115, "fields": {"action_time": "2019-11-24T13:15:35.766Z", "user": 1, "content_type": 10, "object_id": "3", "object_repr": "English(ENG)", "action_flag": 2, "change_message": "[{\"changed\": {\"fields\": [\"questions_state\"]}}]"}}, {"model": "admin.logentry", "pk": 116, "fields": {"action_time": "2019-11-24T13:16:41.033Z", "user": 1, "content_type": 10, "object_id": "3", "object_repr": "English(ENG)", "action_flag": 2, "change_message": "[{\"changed\": {\"fields\": [\"questions_state\"]}}]"}}, {"model": "admin.logentry", "pk": 117, "fields": {"action_time": "2019-11-24T13:19:17.490Z", "user": 1, "content_type": 7, "object_id": "41", "object_repr": "What's your name?", "action_flag": 2, "change_message": "[{\"changed\": {\"name\": \"answer\", \"object\": \"My name is <tag>\", \"fields\": [\"answer_text\"]}}]"}}, {"model": "admin.logentry", "pk": 118, "fields": {"action_time": "2019-11-24T13:36:30.082Z", "user": 1, "content_type": 10, "object_id": "3", "object_repr": "English(ENG)", "action_flag": 2, "change_message": "[{\"changed\": {\"fields\": [\"start_time\", \"is_finished\"]}}]"}}, {"model": "admin.logentry", "pk": 119, "fields": {"action_time": "2019-11-24T13:39:57.611Z", "user": 1, "content_type": 10, "object_id": "3", "object_repr": "English(ENG)", "action_flag": 2, "change_message": "[{\"changed\": {\"fields\": [\"is_finished\"]}}]"}}, {"model": "admin.logentry", "pk": 120, "fields": {"action_time": "2019-11-24T13:41:06.750Z", "user": 1, "content_type": 10, "object_id": "3", "object_repr": "English(ENG)", "action_flag": 2, "change_message": "[{\"changed\": {\"fields\": [\"is_finished\"]}}]"}}, {"model": "admin.logentry", "pk": 121, "fields": {"action_time": "2019-11-26T15:14:12.735Z", "user": 1, "content_type": 12, "object_id": "1", "object_repr": "TestPreset object (1)", "action_flag": 1, "change_message": "[{\"added\": {}}, {\"added\": {\"name\": \"test preset question\", \"object\": \"TestPresetQuestion object (1)\"}}, {\"added\": {\"name\": \"test preset question\", \"object\": \"TestPresetQuestion object (2)\"}}, {\"added\": {\"name\": \"test preset question\", \"object\": \"TestPresetQuestion object (3)\"}}, {\"added\": {\"name\": \"test preset question\", \"object\": \"TestPresetQuestion object (4)\"}}]"}}, {"model": "admin.logentry", "pk": 122, "fields": {"action_time": "2019-11-26T15:14:58.420Z", "user": 1, "content_type": 12, "object_id": "2", "object_repr": "TestPreset object (2)", "action_flag": 1, "change_message": "[{\"added\": {}}, {\"added\": {\"name\": \"test preset question\", \"object\": \"TestPresetQuestion object (5)\"}}, {\"added\": {\"name\": \"test preset question\", \"object\": \"TestPresetQuestion object (6)\"}}, {\"added\": {\"name\": \"test preset question\", \"object\": \"TestPresetQuestion object (7)\"}}]"}}, {"model": "admin.logentry", "pk": 123, "fields": {"action_time": "2019-11-26T15:23:40.326Z", "user": 1, "content_type": 12, "object_id": "1", "object_repr": "Asddd", "action_flag": 2, "change_message": "[]"}}, {"model": "admin.logentry", "pk": 124, "fields": {"action_time": "2019-11-26T15:23:47.924Z", "user": 1, "content_type": 12, "object_id": "1", "object_repr": "Asddd", "action_flag": 2, "change_message": "[{\"changed\": {\"name\": \"test preset question\", \"object\": \"TestPresetQuestion object (1)\", \"fields\": [\"question\"]}}]"}}, {"model": "admin.logentry", "pk": 125, "fields": {"action_time": "2019-11-26T15:24:00.289Z", "user": 1, "content_type": 12, "object_id": "1", "object_repr": "Asddd", "action_flag": 2, "change_message": "[{\"added\": {\"name\": \"test preset question\", \"object\": \"TestPresetQuestion object (8)\"}}]"}}, {"model": "admin.logentry", "pk": 126, "fields": {"action_time": "2019-11-26T15:24:19.184Z", "user": 1, "content_type": 12, "object_id": "1", "object_repr": "Asddd", "action_flag": 2, "change_message": "[{\"deleted\": {\"name\": \"test preset question\", \"object\": \"TestPresetQuestion object (None)\"}}]"}}, {"model": "admin.logentry", "pk": 127, "fields": {"action_time": "2019-11-26T16:06:04.820Z", "user": 1, "content_type": 10, "object_id": "3", "object_repr": "English(ENG)", "action_flag": 2, "change_message": "[{\"changed\": {\"fields\": [\"is_finished\"]}}]"}}, {"model": "admin.logentry", "pk": 128, "fields": {"action_time": "2019-11-26T16:28:07.920Z", "user": 1, "content_type": 10, "object_id": "3", "object_repr": "postgres - English(ENG)", "action_flag": 2, "change_message": "[{\"changed\": {\"fields\": [\"test_preset\"]}}]"}}, {"model": "admin.logentry", "pk": 129, "fields": {"action_time": "2019-11-26T17:06:18.418Z", "user": 1, "content_type": 10, "object_id": "3", "object_repr": "postgres - English(ENG)", "action_flag": 2, "change_message": "[{\"changed\": {\"fields\": [\"test_preset\"]}}]"}}, {"model": "admin.logentry", "pk": 130, "fields": {"action_time": "2019-11-26T17:06:38.560Z", "user": 1, "content_type": 10, "object_id": "3", "object_repr": "postgres - English(ENG)", "action_flag": 2, "change_message": "[{\"changed\": {\"fields\": [\"test_preset\"]}}]"}}, {"model": "admin.logentry", "pk": 131, "fields": {"action_time": "2019-11-26T17:07:07.494Z", "user": 1, "content_type": 10, "object_id": "3", "object_repr": "postgres - English(ENG)", "action_flag": 2, "change_message": "[{\"changed\": {\"fields\": [\"test_preset\"]}}]"}}, {"model": "admin.logentry", "pk": 132, "fields": {"action_time": "2019-11-26T17:07:30.425Z", "user": 1, "content_type": 10, "object_id": "3", "object_repr": "postgres - English(ENG)", "action_flag": 2, "change_message": "[]"}}, {"model": "admin.logentry", "pk": 133, "fields": {"action_time": "2019-11-26T17:07:35.690Z", "user": 1, "content_type": 10, "object_id": "3", "object_repr": "postgres - English(ENG)", "action_flag": 2, "change_message": "[{\"changed\": {\"fields\": [\"is_finished\"]}}]"}}, {"model": "admin.logentry", "pk": 134, "fields": {"action_time": "2019-11-26T17:08:30.989Z", "user": 1, "content_type": 10, "object_id": "3", "object_repr": "postgres - English(ENG)", "action_flag": 2, "change_message": "[]"}}, {"model": "admin.logentry", "pk": 135, "fields": {"action_time": "2019-11-26T17:09:36.551Z", "user": 1, "content_type": 10, "object_id": "3", "object_repr": "postgres - English(ENG)", "action_flag": 2, "change_message": "[{\"changed\": {\"fields\": [\"is_finished\"]}}]"}}, {"model": "admin.logentry", "pk": 136, "fields": {"action_time": "2019-11-26T17:17:58.411Z", "user": 1, "content_type": 10, "object_id": "3", "object_repr": "postgres - English(ENG)", "action_flag": 2, "change_message": "[{\"changed\": {\"fields\": [\"start_time\"]}}]"}}, {"model": "admin.logentry", "pk": 137, "fields": {"action_time": "2019-11-26T17:18:25.311Z", "user": 1, "content_type": 10, "object_id": "3", "object_repr": "postgres - English(ENG)", "action_flag": 2, "change_message": "[{\"changed\": {\"fields\": [\"start_time\"]}}]"}}, {"model": "admin.logentry", "pk": 138, "fields": {"action_time": "2019-11-26T17:18:34.631Z", "user": 1, "content_type": 10, "object_id": "3", "object_repr": "postgres - English(ENG)", "action_flag": 2, "change_message": "[{\"changed\": {\"fields\": [\"test_preset\"]}}]"}}, {"model": "admin.logentry", "pk": 139, "fields": {"action_time": "2019-11-26T17:28:16.170Z", "user": 1, "content_type": 12, "object_id": "2", "object_repr": "DDD (30m)", "action_flag": 3, "change_message": ""}}, {"model": "admin.logentry", "pk": 140, "fields": {"action_time": "2019-11-26T17:28:16.174Z", "user": 1, "content_type": 12, "object_id": "1", "object_repr": "Asddd (31m)", "action_flag": 3, "change_message": ""}}, {"model": "admin.logentry", "pk": 141, "fields": {"action_time": "2019-11-26T17:28:54.697Z", "user": 1, "content_type": 12, "object_id": "3", "object_repr": "DDD (30m)", "action_flag": 1, "change_message": "[{\"added\": {}}, {\"added\": {\"name\": \"test preset question\", \"object\": \"TestPresetQuestion object (9)\"}}, {\"added\": {\"name\": \"test preset question\", \"object\": \"TestPresetQuestion object (10)\"}}, {\"added\": {\"name\": \"test preset question\", \"object\": \"TestPresetQuestion object (11)\"}}]"}}, {"model": "admin.logentry", "pk": 142, "fields": {"action_time": "2019-11-26T17:28:58.055Z", "user": 1, "content_type": 10, "object_id": "3", "object_repr": "postgres - English(ENG)", "action_flag": 2, "change_message": "[{\"changed\": {\"fields\": [\"start_time\", \"test_preset\"]}}]"}}, {"model": "admin.logentry", "pk": 143, "fields": {"action_time": "2019-11-26T17:29:11.733Z", "user": 1, "content_type": 12, "object_id": "3", "object_repr": "DDD (30m)", "action_flag": 3, "change_message": ""}}, {"model": "admin.logentry", "pk": 144, "fields": {"action_time": "2019-11-26T17:30:15.734Z", "user": 1, "content_type": 12, "object_id": "4", "object_repr": "asd (30m)", "action_flag": 1, "change_message": "[{\"added\": {}}, {\"added\": {\"name\": \"test preset question\", \"object\": \"TestPresetQuestion object (12)\"}}, {\"added\": {\"name\": \"test preset question\", \"object\": \"TestPresetQuestion object (13)\"}}, {\"added\": {\"name\": \"test preset question\", \"object\": \"TestPresetQuestion object (14)\"}}, {\"added\": {\"name\": \"test preset question\", \"object\": \"TestPresetQuestion object (15)\"}}, {\"added\": {\"name\": \"test preset question\", \"object\": \"TestPresetQuestion object (16)\"}}]"}}, {"model": "admin.logentry", "pk": 145, "fields": {"action_time": "2019-11-26T17:30:18.499Z", "user": 1, "content_type": 10, "object_id": "3", "object_repr": "postgres - English(ENG)", "action_flag": 2, "change_message": "[{\"changed\": {\"fields\": [\"test_preset\"]}}]"}}, {"model": "admin.logentry", "pk": 146, "fields": {"action_time": "2019-11-26T17:32:23.632Z", "user": 1, "content_type": 10, "object_id": "3", "object_repr": "postgres - English(ENG)", "action_flag": 2, "change_message": "[]"}}, {"model": "admin.logentry", "pk": 147, "fields": {"action_time": "2019-11-26T18:51:26.011Z", "user": 1, "content_type": 3, "object_id": "2", "object_repr": "testee", "action_flag": 1, "change_message": "[{\"added\": {}}]"}}, {"model": "admin.logentry", "pk": 148, "fields": {"action_time": "2019-11-27T10:21:56.090Z", "user": 1, "content_type": 4, "object_id": "2", "object_repr": "Sehirone", "action_flag": 2, "change_message": "[{\"changed\": {\"fields\": [\"groups\"]}}]"}}, {"model": "admin.logentry", "pk": 149, "fields": {"action_time": "2019-11-27T10:22:03.669Z", "user": 1, "content_type": 4, "object_id": "1", "object_repr": "postgres", "action_flag": 2, "change_message": "[{\"changed\": {\"fields\": [\"groups\"]}}]"}}, {"model": "admin.logentry", "pk": 150, "fields": {"action_time": "2019-11-27T10:23:50.242Z", "user": 1, "content_type": 12, "object_id": "5", "object_repr": "All Types (66555m)", "action_flag": 1, "change_message": "[{\"added\": {}}, {\"added\": {\"name\": \"test preset question\", \"object\": \"TestPresetQuestion object (17)\"}}, {\"added\": {\"name\": \"test preset question\", \"object\": \"TestPresetQuestion object (18)\"}}, {\"added\": {\"name\": \"test preset question\", \"object\": \"TestPresetQuestion object (19)\"}}, {\"added\": {\"name\": \"test preset question\", \"object\": \"TestPresetQuestion object (20)\"}}, {\"added\": {\"name\": \"test preset question\", \"object\": \"TestPresetQuestion object (21)\"}}]"}}, {"model": "admin.logentry", "pk": 151, "fields": {"action_time": "2019-11-27T10:31:44.061Z", "user": 1, "content_type": 7, "object_id": "43", "object_repr": "Which of these are true?", "action_flag": 1, "change_message": "[{\"added\": {}}, {\"added\": {\"name\": \"answer\", \"object\": \"The doors are in the front of the shop\"}}, {\"added\": {\"name\": \"answer\", \"object\": \"The man is ordering food\"}}, {\"added\": {\"name\": \"answer\", \"object\": \"Ice Creams cos more than a burger\"}}, {\"added\": {\"name\": \"answer\", \"object\": \"Someone cleared the window really badly\"}}]"}}, {"model": "admin.logentry", "pk": 152, "fields": {"action_time": "2019-11-27T10:32:11.416Z", "user": 1, "content_type": 12, "object_id": "5", "object_repr": "All Types (66555m)", "action_flag": 2, "change_message": "[{\"added\": {\"name\": \"test preset question\", \"object\": \"TestPresetQuestion object (22)\"}}]"}}, {"model": "admin.logentry", "pk": 153, "fields": {"action_time": "2019-11-27T10:32:27.462Z", "user": 1, "content_type": 10, "object_id": "5", "object_repr": "postgres - English(ENG)", "action_flag": 1, "change_message": "[{\"added\": {}}]"}}, {"model": "admin.logentry", "pk": 154, "fields": {"action_time": "2019-11-27T10:45:26.227Z", "user": 1, "content_type": 7, "object_id": "43", "object_repr": "Which of these are true about the Cafe Scene?", "action_flag": 2, "change_message": "[{\"changed\": {\"fields\": [\"question_text\"]}}, {\"changed\": {\"name\": \"answer\", \"object\": \"Ice Creams cos more than a burger\", \"fields\": [\"is_correct\"]}}]"}}, {"model": "admin.logentry", "pk": 155, "fields": {"action_time": "2019-11-27T12:26:40.994Z", "user": 1, "content_type": 10, "object_id": "5", "object_repr": "postgres - English(ENG)", "action_flag": 2, "change_message": "[{\"changed\": {\"fields\": [\"start_time\"]}}]"}}, {"model": "admin.logentry", "pk": 156, "fields": {"action_time": "2019-12-01T13:51:16.849Z", "user": 1, "content_type": 4, "object_id": "2", "object_repr": "Sehirone", "action_flag": 3, "change_message": ""}}, {"model": "admin.logentry", "pk": 157, "fields": {"action_time": "2019-12-01T13:52:30.687Z", "user": 1, "content_type": 4, "object_id": "6", "object_repr": "tester123", "action_flag": 1, "change_message": "[{\"added\": {}}]"}}, {"model": "admin.logentry", "pk": 158, "fields": {"action_time": "2019-12-01T13:52:45.481Z", "user": 1, "content_type": 4, "object_id": "6", "object_repr": "tester123", "action_flag": 2, "change_message": "[{\"changed\": {\"fields\": [\"is_staff\", \"groups\"]}}]"}}, {"model": "admin.logentry", "pk": 159, "fields": {"action_time": "2019-12-01T13:54:00.205Z", "user": 1, "content_type": 12, "object_id": "4", "object_repr": "Test (30m)", "action_flag": 2, "change_message": "[{\"changed\": {\"fields\": [\"name\"]}}]"}}]